n, each1e6, each1e4, each1e3, each, mean1e6, mean1e4, mean1e3, mean, variance, stdDev, median, median1e3, medianEach1e3, medianEach1e6
2801, 284.73492, 2.8473494, 0.28473493, 2.8473494e-4, 284734.94, 2847.3494, 284.73492, 0.28473493, 9.279118e-6, 3.0461645e-3, 0.284582, 284.582, 0.284582, 284.582
2301, 191.03262, 1.9103262, 0.19103262, 1.9103262e-4, 191032.63, 1910.3262, 191.03262, 0.19103262, 5.4014895e-6, 2.3241104e-3, 0.190696, 190.696, 0.190696, 190.696
1801, 132.72421, 1.327242, 0.13272421, 1.327242e-4, 132724.2, 1327.2421, 132.72421, 0.13272421, 5.1589814e-6, 2.271339e-3, 0.132341, 132.341, 0.132341, 132.341
1301, 170.69896, 1.7069895, 0.17069896, 1.7069896e-4, 170698.95, 1706.9895, 170.69896, 0.17069896, 1.0060417e-5, 3.171816e-3, 0.169469, 169.469, 0.169469, 169.469
801, 27.733267, 0.27733266, 2.7733268e-2, 2.7733267e-5, 27733.268, 277.33267, 27.733269, 2.7733268e-2, 3.3009974e-7, 5.745431e-4, 2.7657e-2, 27.657, 2.7657e-2, 27.657001
301, 1.3549666, 1.3549667e-2, 1.3549667e-3, 1.3549667e-6, 1354.9667, 13.549666, 1.3549666, 1.3549667e-3, 7.1166255e-8, 2.6677005e-4, 1.267e-3, 1.267, 1.267e-3, 1.267
