n, each1e6, each1e4, each1e3, each, mean1e6, mean1e4, mean1e3, mean, variance, stdDev, median, median1e3, medianEach1e3, medianEach1e6
2801, 282.99313, 2.8299313, 0.28299314, 2.8299313e-4, 282993.13, 2829.9314, 282.99313, 0.28299314, 4.0578132e-5, 6.370097e-3, 0.281194, 281.194, 0.281194, 281.194
2301, 193.2045, 1.932045, 0.19320449, 1.932045e-4, 193204.5, 1932.0449, 193.2045, 0.19320449, 2.6133055e-5, 5.11205e-3, 0.191126, 191.126, 0.191126, 191.126
1801, 136.12265, 1.3612264, 0.13612264, 1.3612265e-4, 136122.64, 1361.2264, 136.12265, 0.13612264, 1.4725717e-5, 3.8374101e-3, 0.135241, 135.241, 0.135241, 135.241
1301, 170.1758, 1.701758, 0.1701758, 1.701758e-4, 170175.81, 1701.758, 170.17581, 0.1701758, 2.408806e-5, 4.9079587e-3, 0.169251, 169.25099, 0.169251, 169.25099
801, 29.060669, 0.2906067, 2.906067e-2, 2.906067e-5, 29060.67, 290.6067, 29.060669, 2.906067e-2, 3.5138319e-6, 1.8745217e-3, 2.8468e-2, 28.468, 2.8468e-2, 28.467999
301, 1.3944666, 1.3944666e-2, 1.3944666e-3, 1.3944666e-6, 1394.4666, 13.944666, 1.3944666, 1.3944666e-3, 1.095539e-7, 3.3098928e-4, 1.327e-3, 1.327, 1.327e-3, 1.3269999
