n, each1e6, each1e4, each1e3, each, mean1e6, mean1e4, mean1e3, mean, variance, stdDev, median, median1e3, medianEach1e3, medianEach1e6
2801, 334.58298, 3.34583, 0.33458298, 3.34583e-4, 334583.0, 3345.8298, 334.58298, 0.33458298, 3.277182e-5, 5.7246676e-3, 0.333293, 333.293, 0.333293, 333.293
2301, 251.66125, 2.5166125, 0.25166127, 2.5166126e-4, 251661.27, 2516.6128, 251.66127, 0.25166127, 3.6964102e-5, 6.079811e-3, 0.250772, 250.772, 0.250772, 250.77199
1801, 187.08818, 1.8708818, 0.18708818, 1.8708818e-4, 187088.17, 1870.8817, 187.08818, 0.18708818, 3.766923e-5, 6.137526e-3, 0.185392, 185.39201, 0.185392, 185.39201
1301, 171.83304, 1.7183303, 0.17183304, 1.7183303e-4, 171833.03, 1718.3303, 171.83304, 0.17183304, 3.455728e-5, 5.878544e-3, 0.170994, 170.994, 0.170994, 170.994
801, 29.229698, 0.29229698, 2.9229699e-2, 2.9229699e-5, 29229.7, 292.297, 29.229698, 2.9229699e-2, 7.94269e-6, 2.8182778e-3, 2.8197e-2, 28.197, 2.8197e-2, 28.197
301, 1.6674664, 1.6674664e-2, 1.6674665e-3, 1.6674664e-6, 1667.4664, 16.674665, 1.6674665, 1.6674665e-3, 1.4834644e-7, 3.8515768e-4, 1.533e-3, 1.533, 1.533e-3, 1.533
