n, each1e6, each1e4, each1e3, each, mean1e6, mean1e4, mean1e3, mean, variance, stdDev, median, median1e3, medianEach1e3, medianEach1e6
3011, 857.32196, 8.573219, 0.857322, 8.5732195e-4, 857322.0, 8573.22, 857.32196, 0.857322, 5.1393075e-5, 7.1688965e-3, 0.85656, 856.56, 0.85656, 856.56
2511, 754.56244, 7.5456243, 0.75456244, 7.5456244e-4, 754562.44, 7545.6245, 754.56244, 0.75456244, 3.3737288e-5, 5.808381e-3, 0.753451, 753.451, 0.753451, 753.451
2011, 503.75906, 5.037591, 0.5037591, 5.037591e-4, 503759.1, 5037.591, 503.7591, 0.5037591, 2.095462e-5, 4.577622e-3, 0.503148, 503.148, 0.503148, 503.148
1511, 440.7878, 4.407878, 0.44078782, 4.4078782e-4, 440787.8, 4407.8784, 440.7878, 0.44078782, 3.2227214e-5, 5.676902e-3, 0.440066, 440.066, 0.440066, 440.066
1011, 241.78899, 2.4178898, 0.241789, 2.4178899e-4, 241789.0, 2417.89, 241.789, 0.241789, 3.0982446e-5, 5.5661877e-3, 0.240983, 240.983, 0.240983, 240.98299
511, 131.05681, 1.3105681, 0.1310568, 1.310568e-4, 131056.8, 1310.568, 131.0568, 0.1310568, 1.9575584e-5, 4.4244304e-3, 0.129921, 129.921, 0.129921, 129.921
11, 1.1318333, 1.1318333e-2, 1.1318333e-3, 1.1318333e-6, 1131.8333, 11.318333, 1.1318333, 1.1318333e-3, 1.7202604e-8, 1.311587e-4, 1.087e-3, 1.087, 1.087e-3, 1.087
